[
    {
        "id": "regex",
        "label": "Regular expression to match files by. Must contain named groups for Studio, Movie Title and Release Year.",
        "type": "text",
        "default": "^\\((?P<studio>.+?)\\) - (?P<title>.+?)(?:\\s\\((?P<year>\\d{4})\\))?(\\s?-\\s?(?P<part>(cd|disc|disk|dvd|part|pt).+))?$"
    },
    {
        "id": "year",
        "label": "Is year mandatory is the filename ?",
        "type": "bool",
        "default": "false"
    },
    {
        "id": "delay",
        "label": "Seconds to pause after a network request was made, ensuring undue burden is not placed on the web server.",
        "type": "enum",
        "values": ["0", "10", "20", "30", "40", "50", "60"],
        "default": "0"
    },
    {
        "id": "detect",
        "label": "Always check source language before attempting translate? Select yes if movie summaries are presented in different languages",
        "type": "bool",
        "default": "false"
    },
    {
        "id": "prefixlegend",
        "label": "Place Cast Legend at Start of Summary?",
        "type": "bool",
        "default": "true"
    },
    {
        "id": "background",
        "label": "Download image to be used as background (not recommended) or use the default thumbnail background?",
        "type": "bool",
        "default": "false"
    },
    {
        "id": "clearcollections",
        "label": "Clear previously set Collections",
        "type": "bool",
        "default": "false"
    },
    {
        "id": "studiocollection",
        "label": "Create Collections based on Studio Name",
        "type": "bool",
        "default": "false"
    },
    {
        "id": "titlecollection",
        "label": "Create Collections based on Film Series",
        "type": "bool",
        "default": "false"
    },
    {
        "id": "castcollection",
        "label": "Create Collections based on Film Actors",
        "type": "bool",
        "default": "false"
    },
    {
        "id": "directorcollection",
        "label": "Create Collections based on Film Directors",
        "type": "bool",
        "default": "false"
    },
    {
        "id": "genrecollection",
        "label": "Create Collections based on Film Genres",
        "type": "bool",
        "default": "false"
    },
    {
        "id": "countrycollection",
        "label": "Create Collections based on Film Production Country",
        "type": "bool",
        "default": "false"
    }
]